{
    "resources": [
        {
            "name": "package.json"
        },
        {
            "name": "test/testsuite.qunit-dbg.js"
        },
        {
            "name": "test/integration/NavigationJourney.js"
        },
        {
            "name": "test/integration/opaTests.qunit.html"
        },
        {
            "name": "test/integration/pages/NewApplication-dbg.js"
        },
        {
            "name": "test/integration/pages/NewApplication.js"
        },
        {
            "name": "test/integration/opaTests.qunit-dbg.js"
        },
        {
            "name": "test/integration/opaTests.qunit.js"
        },
        {
            "name": "test/integration/AllJourneys-dbg.js"
        },
        {
            "name": "test/integration/NavigationJourney-dbg.js"
        },
        {
            "name": "test/integration/arrangements/Startup-dbg.js"
        },
        {
            "name": "test/integration/arrangements/Startup.js"
        },
        {
            "name": "test/integration/AllJourneys.js"
        },
        {
            "name": "test/unit/unitTests.qunit.html"
        },
        {
            "name": "test/unit/controller/NewApplication.controller.js"
        },
        {
            "name": "test/unit/controller/NewApplication-dbg.controller.js"
        },
        {
            "name": "test/unit/AllTests.js"
        },
        {
            "name": "test/unit/unitTests.qunit-dbg.js"
        },
        {
            "name": "test/unit/unitTests.qunit.js"
        },
        {
            "name": "test/unit/AllTests-dbg.js"
        },
        {
            "name": "test/testsuite.qunit.js"
        },
        {
            "name": "test/testsuite.qunit.html"
        },
        {
            "name": "resources.json",
            "merged": true
        },
        {
            "name": "css/style.css"
        },
        {
            "name": "view/NewApplication.view.xml"
        },
        {
            "name": "view/App.view.xml"
        },
        {
            "name": "view/AddAsset.fragment.xml"
        },
        {
            "name": "view/ExistingApplication.view.xml"
        },
        {
            "name": "view/ListOfApplications.view.xml"
        },
        {
            "name": "view/fragments/UpdateCapacity.fragment.xml"
        },
        {
            "name": "view/fragments/AddAsset.fragment.xml"
        },
        {
            "name": "view/fragments/Capacity.fragment.xml"
        },
        {
            "name": "view/fragments/UpdateTargetGroup.fragment.xml"
        },
        {
            "name": "view/fragments/TargetGroup.fragment.xml"
        },
        {
            "name": "view/fragments/Beneficiariers.fragment.xml"
        },
        {
            "name": "view/fragments/Wards.fragment.xml"
        },
        {
            "name": "view/fragments/Objectives.fragment.xml"
        },
        {
            "name": "view/fragments/ExistingFinancialCosts.fragment.xml"
        },
        {
            "name": "view/fragments/ExistingBeneficiariers.fragment.xml"
        },
        {
            "name": "view/fragments/UpdateFinancialCosts.fragment.xml"
        },
        {
            "name": "view/fragments/FinancialCosts.fragment.xml"
        },
        {
            "name": "view/fragments/Regions.fragment.xml"
        },
        {
            "name": "view/fragments/ExistingAsset.fragment.xml"
        },
        {
            "name": "view/fragments/Municipalities.fragment.xml"
        },
        {
            "name": "view/fragments/ExistingTargetGroup.fragment.xml"
        },
        {
            "name": "view/fragments/ExistingCapacity.fragment.xml"
        },
        {
            "name": "view/fragments/UpdateAsset.fragment.xml"
        },
        {
            "name": "view/fragments/ProgramTypes.fragment.xml"
        },
        {
            "name": "view/fragments/UpdateBeneficiariers.fragment.xml"
        },
        {
            "name": "manifest.json"
        },
        {
            "name": "i18n/i18n.properties",
            "raw": "i18n/i18n.properties"
        },
        {
            "name": "index.html"
        },
        {
            "name": ".user.project.json"
        },
        {
            "name": "extended_runnable_file.html"
        },
        {
            "name": ".che/project.json"
        },
        {
            "name": "controller/ExistingApplication.controller.js"
        },
        {
            "name": "controller/NewApplication.controller.js"
        },
        {
            "name": "controller/App.controller.js"
        },
        {
            "name": "controller/AddAsset.fragment.xml"
        },
        {
            "name": "controller/BaseController.js"
        },
        {
            "name": "controller/ListOfApplications.controller.js"
        },
        {
            "name": "package-lock.json"
        },
        {
            "name": "neo-app.json"
        },
        {
            "name": "Component.js"
        },
        {
            "name": "Component-preload.js",
            "merged": true
        },
        {
            "name": "localService/metadata.xml"
        },
        {
            "name": "model/models.js"
        },
        {
            "name": ".project.json"
        },
        {
            "name": "dist/di.code-validation.core_issues.json"
        },
        {
            "name": "pictures/gauteng.png"
        },
        {
            "name": "pictures/SocialDev.jpg"
        },
        {
            "name": "pictures/icon.jpg"
        },
        {
            "name": "pictures/social.jpg"
        }
    ]
}