{
    "resources": [
        {
            "name": ".user.project.json"
        },
        {
            "name": "index.html"
        },
        {
            "name": "view/ListOfClaims.view.xml"
        },
        {
            "name": "view/Shelter.view.xml"
        },
        {
            "name": "view/fragments/Awareness.fragment.xml"
        },
        {
            "name": "view/fragments/HBCSummary.fragment.xml"
        },
        {
            "name": "view/fragments/AnnexureA.fragment.xml"
        },
        {
            "name": "view/fragments/EditHomeForPersons.fragment.xml"
        },
        {
            "name": "view/fragments/PlacesOfStay.fragment.xml"
        },
        {
            "name": "view/fragments/EditBeneficiary.fragment.xml"
        },
        {
            "name": "view/fragments/EditServiceCentres.fragment.xml"
        },
        {
            "name": "view/fragments/HBCAnnexB.fragment.xml"
        },
        {
            "name": "view/fragments/EditClaimForm.fragment.xml"
        },
        {
            "name": "view/fragments/EditActiveAgeing.fragment.xml"
        },
        {
            "name": "view/fragments/EditProtectiveWorkshops.fragment.xml"
        },
        {
            "name": "view/fragments/EditAnnexureA.fragment.xml"
        },
        {
            "name": "view/fragments/EditSocialWorkPosts.fragment.xml"
        },
        {
            "name": "view/fragments/ChildrenHome.fragment.xml"
        },
        {
            "name": "view/fragments/EditHBCSummary.fragment.xml"
        },
        {
            "name": "view/fragments/ShelterForWomenAdults.fragment.xml"
        },
        {
            "name": "view/fragments/SocialWorkPosts.fragment.xml"
        },
        {
            "name": "view/fragments/EditAwareness.fragment.xml"
        },
        {
            "name": "view/fragments/ActiveAgeing.fragment.xml"
        },
        {
            "name": "view/fragments/AttendenceRegister.fragment.xml"
        },
        {
            "name": "view/fragments/EditResidentialFacility.fragment.xml"
        },
        {
            "name": "view/fragments/EditSummaryOfStaff.fragment.xml"
        },
        {
            "name": "view/fragments/ServiceCenters.fragment.xml"
        },
        {
            "name": "view/fragments/EditHBCAnnexB.fragment.xml"
        },
        {
            "name": "view/fragments/Beneficiary.fragment.xml"
        },
        {
            "name": "view/fragments/EditPlacesOfStay.fragment.xml"
        },
        {
            "name": "view/fragments/ProtectiveWorkshops.fragment.xml"
        },
        {
            "name": "view/fragments/HomesForPersons.fragment.xml"
        },
        {
            "name": "view/fragments/SpecialServices.fragment.xml"
        },
        {
            "name": "view/fragments/ResidentialFacility.fragment.xml"
        },
        {
            "name": "view/fragments/SummaryOfStaff.fragment.xml"
        },
        {
            "name": "view/fragments/EditChildrenHome.fragment.xml"
        },
        {
            "name": "view/fragments/EditSpecialServices.fragment.xml"
        },
        {
            "name": "view/fragments/ClaimForm.fragment.xml"
        },
        {
            "name": "view/ShelterForWomen.view.xml"
        },
        {
            "name": "view/SocialWorkPosts.view.xml"
        },
        {
            "name": "view/FormSelection.view.xml"
        },
        {
            "name": "view/ExistingSocialWorkPost.view.xml"
        },
        {
            "name": ".project.json"
        },
        {
            "name": "pictures/icon.jpg"
        },
        {
            "name": "pictures/gauteng.png"
        },
        {
            "name": "pictures/social.jpg"
        },
        {
            "name": "pictures/SocialDev.jpg"
        },
        {
            "name": "pictures/ExplanatoryNotes.PNG"
        },
        {
            "name": "localService/metadata.xml"
        },
        {
            "name": "i18n/i18n.properties",
            "raw": "i18n/i18n.properties"
        },
        {
            "name": "resources.json",
            "merged": true
        },
        {
            "name": "controller/ExistingSocialWorkPost.controller.js"
        },
        {
            "name": "controller/Shelter.controller.js"
        },
        {
            "name": "controller/SocialWorkPosts.controller.js"
        },
        {
            "name": "controller/BaseController.js"
        },
        {
            "name": "controller/FormSelection.controller.js"
        },
        {
            "name": "controller/ListOfClaims.controller.js"
        },
        {
            "name": "controller/ShelterForWomen.controller.js"
        },
        {
            "name": "css/style.css"
        },
        {
            "name": "test/testsuite.qunit-dbg.js"
        },
        {
            "name": "test/unit/unitTests.qunit-dbg.js"
        },
        {
            "name": "test/unit/controller/ListOfClaims.controller.js"
        },
        {
            "name": "test/unit/controller/ListOfClaims-dbg.controller.js"
        },
        {
            "name": "test/unit/unitTests.qunit.js"
        },
        {
            "name": "test/unit/AllTests-dbg.js"
        },
        {
            "name": "test/unit/AllTests.js"
        },
        {
            "name": "test/unit/unitTests.qunit.html"
        },
        {
            "name": "test/testsuite.qunit.html"
        },
        {
            "name": "test/integration/opaTests.qunit.js"
        },
        {
            "name": "test/integration/arrangements/Startup.js"
        },
        {
            "name": "test/integration/arrangements/Startup-dbg.js"
        },
        {
            "name": "test/integration/AllJourneys-dbg.js"
        },
        {
            "name": "test/integration/pages/ListOfClaims.js"
        },
        {
            "name": "test/integration/pages/ListOfClaims-dbg.js"
        },
        {
            "name": "test/integration/NavigationJourney-dbg.js"
        },
        {
            "name": "test/integration/AllJourneys.js"
        },
        {
            "name": "test/integration/opaTests.qunit.html"
        },
        {
            "name": "test/integration/opaTests.qunit-dbg.js"
        },
        {
            "name": "test/integration/NavigationJourney.js"
        },
        {
            "name": "test/testsuite.qunit.js"
        },
        {
            "name": "manifest.json"
        },
        {
            "name": "model/models.js"
        },
        {
            "name": "neo-app.json"
        },
        {
            "name": "Component-preload.js",
            "merged": true
        },
        {
            "name": "Component.js"
        }
    ]
}