{
  "welcomeFile": "/index.html",
  "routes": [
    {
      "path": "/resources",
      "target": {
        "type": "service",
        "name": "sapui5",
        "entryPath": "/resources"
      },
      "description": "SAPUI5 Resources"
    },
    {
      "path": "/test-resources",
      "target": {
        "type": "service",
        "name": "sapui5",
        "entryPath": "/test-resources"
      },
      "description": "SAPUI5 Resources"
    },
    {
      "path": "/resources",
      "target": {
        "type": "service",
        "name": "sapui5",
        "entryPath": "/resources"
      },
      "description": "SAPUI5 Resources"
    },
    {
      "path": "/test-resources",
      "target": {
        "type": "service",
        "name": "sapui5",
        "entryPath": "/test-resources"
      },
      "description": "SAPUI5 Test Resources"
    },
    {
      "path": "",
      "target": {
        "type": "destination",
        "name": "DSD",
        "entryPath": "/sap/opu/odata"
      },
      "description": "Gateway Connection"
    },
    {
      "path": "/sap/opu/odata",
      "target": {
        "type": "destination",
        "name": "DSD",
        "entryPath": "/sap/opu/odata"
      },
      "description": "Gateway Connection"
    },
    {
      "path": "/sap/bc/ui5_ui5",
      "target": {
        "type": "destination",
        "name": "DSD",
        "entryPath": "/sap/bc/ui5_ui5"
      },
      "description": "Gateway Connection"
    }
  ],
  "sendWelcomeFileRedirect": true
}