<core:FragmentDefinition xmlns="sap.m" xmlns:l="sap.ui.layout" xmlns:core="sap.ui.core">
	<Dialog title="Declaration of Interest" icon="sap-icon://task">
		<beginButton>
			<Button text="Close" press="onCancel" type="Reject"/>
		</beginButton>
		<endButton>
			<Button text="Proceed" press="onProceedPress" type="Accept"/>
		</endButton>
		<content>
			<sap.ui.layout.form:SimpleForm xmlns:sap.ui.layout.form="sap.ui.layout.form" editable="true" layout="ResponsiveGridLayout">
				<sap.ui.layout.form:content>
					<Label text="I have no pecuniary or other personal interest, direct or indirect, in any matter that raises or may raise a conflict with my duties as a Program Manager with regards to the NPO due for processing" wrapping="true" visible="false"/>
					<CheckBox id="chkDeclare1" text="I have no pecuniary or other personal interest, direct or indirect, in any matter that raises or may raise a conflict with my duties as a Program Manager with regards to the NPO due for processing" wrapping="true"/>
					<ComboBox selectedItem="null" visible="false">
						<items>
							<core:ListItem key="No" text="No"/>
							<core:ListItem key="Yes" text="Yes"/></items>
					</ComboBox>
					<Label xmlns:l="sap.ui.layout" xmlns:core="sap.ui.core" xmlns:sap.ui.layout.form="sap.ui.layout.form" xmlns="sap.m" wrapping="true" text="I also acknowledge that I shall make another declaration to state any change in any matter contained in this declaration within one month after the change occurs and shall provide further information on the particulars contained in this declaration if so required by the Department of Social Development" visible="false"/>
					<CheckBox id="chkDeclare2" text="I also acknowledge that I shall make another declaration to state any change in any matter contained in this declaration within one month after the change occurs and shall provide further information on the particulars contained in this declaration if so required by the Department of Social Development" wrapping="true"/>
					<ComboBox visible="false">
						<items>
							<core:ListItem key="No" text="No"/>
							<core:ListItem key="Yes" text="Yes"/>
						</items>
					</ComboBox>
					<Label xmlns="sap.m" xmlns:l="sap.ui.layout" xmlns:core="sap.ui.core" text="Reason" width="100%"/>
					<TextArea rows="5" cols="10" visible="false"/>
				</sap.ui.layout.form:content>
			</sap.ui.layout.form:SimpleForm>
			<sap.ui.layout.form:SimpleForm xmlns:sap.ui.layout.form="sap.ui.layout.form" editable="true" layout="ResponsiveGridLayout" id="formSWSelection">
				<sap.ui.layout.form:content>
					<Label xmlns="sap.m" text="Social Worker"/>
					<Input xmlns="sap.m" id="AssignedSW" value="{ProgType}" showSuggestion="true" showValueHelp="true" valueHelpRequest=".onValueHelpRequestSW" suggestionItems="{SWModel>/results}" required="true" liveChange="onValueHelpRequestSW">
					<suggestionItems>
					<core:Item text="{PrtypText}"/>
					</suggestionItems>
					</Input>
				</sap.ui.layout.form:content>
			</sap.ui.layout.form:SimpleForm>
		</content>
	</Dialog>
</core:FragmentDefinition>