{
  "mockpreview": {
    "mockUri": "",
    "metadataFilePath": "",
    "loadJSONFiles": false,
    "loadCustomRequests": false,
    "mockRequestsFilePath": ""
  },
  "deploy": {
    "destination": "DSD",
    "name": "ZDSD_CRM_FUNDAP"
  },
  "projectType": [
    "com.watt.common.builder.sapui5clientbuild",
    "sap.watt.uitools.ide.fiori"
  ],
  "build": {
    "buildRequired": true,
    "targetFolder": "dist",
    "lastBuildDateTime": "Wed, 15 Feb 2023 12:47:34 GMT"
  },
  "generation": [
    {
      "templateId": "ui5template.basicSAPUI5ApplicationComponent",
      "templateVersion": "1.4.0",
      "dateTimeStamp": "Thu, 17 Mar 2022 11:52:40 GMT"
    }
  ]
}